[
	{
		"__TYPE__": "SharedSliceContent",
		"variation": "default",
		"primary": {
			"text": {
				"__TYPE__": "FieldContent",
				"value": "line",
				"type": "Text"
			},
			"image": {
				"__TYPE__": "ImageContent",
				"origin": {
					"id": "main",
					"url": "https://images.unsplash.com/photo-1504198070170-4ca53bb1c1fa",
					"width": 2747,
					"height": 4120
				},
				"url": "https://images.unsplash.com/photo-1504198070170-4ca53bb1c1fa",
				"width": 2747,
				"height": 4120,
				"edit": {
					"zoom": 1,
					"crop": {
						"x": 0,
						"y": 0
					},
					"background": "transparent"
				},
				"thumbnails": {}
			}
		},
		"items": []
	}
]