{
  "id": "desc_image",
  "type": "SharedSlice",
  "name": "DescImage",
  "description": "DescImage",
  "variations": [
    {
      "id": "default",
      "name": "Default",
      "docURL": "...",
      "version": "initial",
      "description": "Default",
      "imageUrl": "",
      "primary": {
        "text": {
          "type": "Text",
          "config": { "label": "text", "placeholder": "" }
        },
        "image": {
          "type": "Image",
          "config": { "label": "image", "constraint": {}, "thumbnails": [] }
        }
      },
      "items": {}
    }
  ]
}
