[
	{
		"__TYPE__": "SharedSliceContent",
		"variation": "default",
		"primary": {},
		"items": [
			{
				"__TYPE__": "GroupItemContent",
				"value": [
					[
						"repeatimage",
						{
							"__TYPE__": "ImageContent",
							"origin": {
								"id": "main",
								"url": "https://images.unsplash.com/photo-1586952518485-11b180e92764",
								"width": 4172,
								"height": 4000
							},
							"url": "https://images.unsplash.com/photo-1586952518485-11b180e92764",
							"width": 4172,
							"height": 4000,
							"edit": {
								"zoom": 1,
								"crop": {
									"x": 0,
									"y": 0
								},
								"background": "transparent"
							},
							"thumbnails": {}
						}
					]
				]
			}
		]
	}
]