{
  "id": "tag",
  "label": "作品集分類",
  "repeatable": true,
  "status": true,
  "json": {
    "Main": {
      "tagname": {
        "type": "StructuredText",
        "config": {
          "label": "TagName",
          "placeholder": "",
          "allowTargetBlank": true,
          "single": "paragraph,preformatted,heading1,heading2,heading3,heading4,heading5,heading6,strong,em,hyperlink,image,embed,list-item,o-list-item,rtl"
        }
      },
      "uid": { "type": "UID", "config": { "label": "uuid", "placeholder": "" } }
    }
  }
}
