[
	{
		"__TYPE__": "SharedSliceContent",
		"variation": "default",
		"primary": {
			"tagname": {
				"__TYPE__": "LinkContent",
				"value": {
					"__TYPE__": "DocumentLink",
					"id": "mock_document_id"
				}
			},
			"mainimage": {
				"origin": {
					"id": "main",
					"url": "https://images.unsplash.com/photo-1547394765-185e1e68f34e",
					"width": 6000,
					"height": 4000
				},
				"url": "https://images.unsplash.com/photo-1547394765-185e1e68f34e",
				"width": 6000,
				"height": 4000,
				"edit": {
					"zoom": 1,
					"crop": {
						"x": 0,
						"y": 0
					},
					"background": "transparent"
				},
				"credits": null,
				"alt": null,
				"__TYPE__": "ImageContent",
				"thumbnails": {}
			},
			"title": {
				"__TYPE__": "FieldContent",
				"value": "must",
				"type": "Text"
			},
			"price": {
				"__TYPE__": "FieldContent",
				"value": "hollow",
				"type": "Text"
			},
			"description": {
				"__TYPE__": "FieldContent",
				"value": "purple",
				"type": "Text"
			},
			"productuid": {
				"__TYPE__": "FieldContent",
				"value": "stop",
				"type": "Text"
			}
		},
		"items": [
			{
				"__TYPE__": "GroupItemContent",
				"value": [
					[
						"sliderimage",
						{
							"origin": {
								"id": "main",
								"url": "https://images.unsplash.com/photo-1498050108023-c5249f4df085",
								"width": 3882,
								"height": 2584
							},
							"url": "https://images.unsplash.com/photo-1498050108023-c5249f4df085",
							"width": 3882,
							"height": 2584,
							"edit": {
								"zoom": 1,
								"crop": {
									"x": 0,
									"y": 0
								},
								"background": "transparent"
							},
							"credits": null,
							"alt": null,
							"__TYPE__": "ImageContent",
							"thumbnails": {}
						}
					],
					[
						"category",
						{
							"__TYPE__": "StructuredTextContent",
							"value": [
								{
									"type": "paragraph",
									"content": {
										"text": "Minim magna fugiat dolore."
									}
								}
							]
						}
					]
				]
			}
		]
	}
]