[
	{
		"__TYPE__": "SharedSliceContent",
		"variation": "default",
		"primary": {},
		"items": [
			{
				"__TYPE__": "GroupItemContent",
				"value": [
					[
						"name",
						{
							"__TYPE__": "ImageContent",
							"origin": {
								"id": "main",
								"url": "https://images.unsplash.com/photo-1587614295999-6c1c13675117",
								"width": 3810,
								"height": 5715
							},
							"url": "https://images.unsplash.com/photo-1587614295999-6c1c13675117",
							"width": 3810,
							"height": 5715,
							"edit": {
								"zoom": 1,
								"crop": {
									"x": 0,
									"y": 0
								},
								"background": "transparent"
							},
							"thumbnails": {}
						}
					]
				]
			}
		]
	}
]