[
  {
    "name": {
      "__TYPE__": "StructuredTextContent",
      "value": [
        {
          "type": "heading1",
          "content": {
            "text": "Therefore"
          }
        }
      ]
    },
    "picture": {
      "__TYPE__": "ImageContent",
      "origin": {
        "id": "main",
        "url": "https://images.unsplash.com/photo-1607582278043-57198ac8da43",
        "width": 4024,
        "height": 4024
      },
      "url": "https://images.unsplash.com/photo-1607582278043-57198ac8da43",
      "width": 4024,
      "height": 4024,
      "edit": {
        "zoom": 1,
        "crop": {
          "x": 0,
          "y": 0
        },
        "background": "transparent"
      },
      "thumbnails": {}
    }
  }
]