{
  "id": "producttag",
  "label": "商品分類",
  "repeatable": true,
  "status": true,
  "json": {
    "Main": {
      "uid": { "type": "UID", "config": { "label": "uid", "placeholder": "" } },
      "tagname": {
        "type": "StructuredText",
        "config": {
          "label": "tagname",
          "placeholder": "",
          "allowTargetBlank": true,
          "single": "paragraph,preformatted,heading1,heading2,heading3,heading4,heading5,heading6,strong,em,hyperlink,image,embed,list-item,o-list-item,rtl"
        }
      }
    }
  }
}
