[
	{
		"__TYPE__": "SharedSliceContent",
		"variation": "default",
		"primary": {
			"image": {
				"origin": {
					"id": "main",
					"url": "https://images.unsplash.com/photo-1494173853739-c21f58b16055",
					"width": 3277,
					"height": 4092
				},
				"url": "https://images.unsplash.com/photo-1494173853739-c21f58b16055",
				"width": 3277,
				"height": 4092,
				"edit": {
					"zoom": 1,
					"crop": {
						"x": 0,
						"y": 0
					},
					"background": "transparent"
				},
				"credits": null,
				"alt": null,
				"__TYPE__": "ImageContent",
				"thumbnails": {}
			}
		},
		"items": [
			{
				"__TYPE__": "GroupItemContent",
				"value": []
			}
		]
	}
]