{
  "id": "image",
  "type": "SharedSlice",
  "name": "Image",
  "description": "Image",
  "variations": [
    {
      "id": "default",
      "name": "Default",
      "docURL": "...",
      "version": "sktwi1xtmkfgx8626",
      "description": "Image",
      "primary": {
        "image": {
          "type": "Image",
          "config": { "label": "Image", "constraint": {}, "thumbnails": [] }
        }
      },
      "items": {},
      "imageUrl": "https://images.prismic.io/slice-machine/621a5ec4-0387-4bc5-9860-2dd46cbc07cd_default_ss.png?auto=compress,format"
    }
  ]
}
