[
  {
    "footerText": {
      "__TYPE__": "GroupContentType",
      "value": [
        {
          "__TYPE__": "GroupItemContent",
          "value": [
            [
              "tel",
              {
                "__TYPE__": "StructuredTextContent",
                "value": [
                  {
                    "type": "paragraph",
                    "content": {
                      "text": "Consectetur ea commodo non laborum id velit cillum dolore nulla aliqua mollit qui consequat commodo. Sit aliquip adipisicing exercitation pariatur incididunt anim consequat labore dolor fugiat eu sit eu. Tempor in duis dolore nisi nulla fugiat cupidatat proident aliqua ex magna nisi."
                    }
                  }
                ]
              }
            ],
            [
              "telno",
              {
                "__TYPE__": "FieldContent",
                "value": "whatever",
                "type": "Text"
              }
            ]
          ]
        }
      ]
    }
  }
]