[
	{
		"__TYPE__": "SharedSliceContent",
		"variation": "default",
		"primary": {
			"image": {
				"__TYPE__": "ImageContent",
				"origin": {
					"id": "main",
					"url": "https://images.unsplash.com/photo-1531771686035-25f47595c87a",
					"width": 3024,
					"height": 3778
				},
				"url": "https://images.unsplash.com/photo-1531771686035-25f47595c87a",
				"width": 3024,
				"height": 3778,
				"edit": {
					"zoom": 1,
					"crop": {
						"x": 0,
						"y": 0
					},
					"background": "transparent"
				},
				"thumbnails": {}
			},
			"tagname": {
				"__TYPE__": "LinkContent",
				"value": {
					"__TYPE__": "DocumentLink",
					"id": "mock_document_id"
				}
			},
			"title": {
				"__TYPE__": "FieldContent",
				"value": "me",
				"type": "Text"
			},
			"description": {
				"__TYPE__": "FieldContent",
				"value": "heart",
				"type": "Text"
			},
			"context": {
				"__TYPE__": "StructuredTextContent",
				"value": [
					{
						"type": "paragraph",
						"content": {
							"text": "Fugiat tempor aliquip proident cupidatat elit commodo est ea consequat minim tempor duis occaecat. Voluptate laborum eiusmod amet excepteur mollit veniam consequat. Dolor laborum anim cillum enim amet deserunt Lorem dolor Lorem veniam."
						}
					}
				]
			},
			"image2": {
				"__TYPE__": "ImageContent",
				"origin": {
					"id": "main",
					"url": "https://images.unsplash.com/photo-1491975474562-1f4e30bc9468",
					"width": 4000,
					"height": 6000
				},
				"url": "https://images.unsplash.com/photo-1491975474562-1f4e30bc9468",
				"width": 4000,
				"height": 6000,
				"edit": {
					"zoom": 1,
					"crop": {
						"x": 0,
						"y": 0
					},
					"background": "transparent"
				},
				"thumbnails": {}
			}
		},
		"items": [
			{
				"__TYPE__": "GroupItemContent",
				"value": [
					[
						"sliderimage",
						{
							"origin": {
								"id": "main",
								"url": "https://images.unsplash.com/photo-1541807084-5c52b6b3adef",
								"width": 4000,
								"height": 6000
							},
							"url": "https://images.unsplash.com/photo-1541807084-5c52b6b3adef",
							"width": 4000,
							"height": 6000,
							"edit": {
								"zoom": 1,
								"crop": {
									"x": 0,
									"y": 0
								},
								"background": "transparent"
							},
							"credits": null,
							"alt": null,
							"__TYPE__": "ImageContent",
							"thumbnails": {}
						}
					]
				]
			}
		]
	}
]